{
  "version": 1,
  "author": "Anonymous maker",
  "editor": "wokwi",
  "parts": [
    { "type": "wokwi-breadboard-mini", "id": "bb1", "top": -145.4, "left": 247.2, "attrs": {} },
    { "type": "wokwi-breadboard-half", "id": "bb2", "top": 323.4, "left": 175.6, "attrs": {} },
    { "type": "wokwi-arduino-uno", "id": "uno", "top": 77.4, "left": 181.8, "attrs": {} },
    {
      "type": "wokwi-led",
      "id": "led1",
      "top": -176.49,
      "left": 244.22,
      "attrs": { "color": "red" }
    },
    {
      "type": "wokwi-led",
      "id": "led2",
      "top": -176.4,
      "left": 263,
      "attrs": { "color": "green" }
    },
    {
      "type": "wokwi-led",
      "id": "led3",
      "top": -175.76,
      "left": 281.72,
      "attrs": { "color": "blue" }
    },
    {
      "type": "wokwi-led",
      "id": "led4",
      "top": -175.04,
      "left": 301.91,
      "attrs": { "color": "yellow" }
    },
    {
      "type": "wokwi-resistor",
      "id": "r1",
      "top": -81.6,
      "left": 287.45,
      "rotate": 90,
      "attrs": { "value": "1000" }
    },
    {
      "type": "wokwi-resistor",
      "id": "r2",
      "top": -81.6,
      "left": 268.25,
      "rotate": 90,
      "attrs": { "value": "1000" }
    },
    {
      "type": "wokwi-resistor",
      "id": "r3",
      "top": -81.43,
      "left": 248.05,
      "rotate": 90,
      "attrs": { "value": "1000" }
    },
    {
      "type": "wokwi-resistor",
      "id": "r6",
      "top": -83.59,
      "left": 229.3,
      "rotate": 90,
      "attrs": { "value": "1000" }
    },
    {
      "type": "wokwi-pushbutton",
      "id": "btn1",
      "top": 421.8,
      "left": 195,
      "rotate": 90,
      "attrs": { "color": "red" }
    },
    {
      "type": "wokwi-pushbutton",
      "id": "btn2",
      "top": 421.8,
      "left": 252.6,
      "rotate": 90,
      "attrs": { "color": "green" }
    },
    {
      "type": "wokwi-pushbutton",
      "id": "btn3",
      "top": 421.8,
      "left": 310.2,
      "rotate": 90,
      "attrs": { "color": "blue" }
    },
    {
      "type": "wokwi-pushbutton",
      "id": "btn4",
      "top": 421.8,
      "left": 367.8,
      "rotate": 90,
      "attrs": { "color": "yellow", "bounce": "1" }
    },
    { "type": "wokwi-potentiometer", "id": "pot1", "top": 392.3, "left": 431.8, "attrs": {} }
  ],
  "connections": [
    [ "led1:A", "bb1:2t.a", "", [ "$bb" ] ],
    [ "led1:C", "bb1:1t.a", "", [ "$bb" ] ],
    [ "led2:A", "bb1:4t.a", "", [ "$bb" ] ],
    [ "led2:C", "bb1:3t.a", "", [ "$bb" ] ],
    [ "led3:A", "bb1:6t.a", "", [ "$bb" ] ],
    [ "led3:C", "bb1:5t.a", "", [ "$bb" ] ],
    [ "led4:A", "bb1:8t.a", "", [ "$bb" ] ],
    [ "led4:C", "bb1:7t.a", "", [ "$bb" ] ],
    [ "r6:1", "bb1:1t.d", "", [ "$bb" ] ],
    [ "r6:2", "bb1:1b.h", "", [ "$bb" ] ],
    [ "r3:1", "bb1:3t.d", "", [ "$bb" ] ],
    [ "r3:2", "bb1:3b.h", "", [ "$bb" ] ],
    [ "r2:1", "bb1:5t.d", "", [ "$bb" ] ],
    [ "r2:2", "bb1:5b.h", "", [ "$bb" ] ],
    [ "r1:1", "bb1:7t.d", "", [ "$bb" ] ],
    [ "r1:2", "bb1:7b.h", "", [ "$bb" ] ],
    [ "uno:12", "bb1:2t.e", "red", [ "v-70.15", "h-50.23" ] ],
    [ "uno:11", "bb1:4t.e", "green", [ "v-78.8", "h-8.54" ] ],
    [ "uno:10", "bb1:6t.e", "blue", [ "v-88.17", "h-5.78" ] ],
    [ "uno:9", "bb1:8t.e", "yellow", [ "v-94.66", "h-3.02" ] ],
    [ "bb1:1b.j", "uno:GND.1", "red", [ "v50.1", "h0.38" ] ],
    [ "bb1:3b.j", "uno:GND.1", "green", [ "v57.31", "h-0.79" ] ],
    [ "bb1:5b.j", "uno:GND.1", "blue", [ "v0" ] ],
    [ "bb1:7b.j", "uno:GND.1", "yellow", [ "v19.09", "h0.46" ] ],
    [ "btn4:1.l", "bb2:tn.19", "yellow", [ "v0" ] ],
    [ "bb2:tn.14", "btn3:1.l", "blue", [ "v0" ] ],
    [ "btn2:1.l", "bb2:tn.9", "green", [ "v0" ] ],
    [ "btn1:1.l", "bb2:tn.4", "red", [ "v0" ] ],
    [ "bb2:tn.15", "uno:GND.2", "green", [ "v0" ] ],
    [ "btn3:1.l", "bb2:17t.e", "", [ "$bb" ] ],
    [ "btn3:2.l", "bb2:15t.e", "", [ "$bb" ] ],
    [ "btn3:1.r", "bb2:17b.j", "", [ "$bb" ] ],
    [ "btn3:2.r", "bb2:15b.j", "", [ "$bb" ] ],
    [ "btn2:1.l", "bb2:11t.e", "", [ "$bb" ] ],
    [ "btn2:2.l", "bb2:9t.e", "", [ "$bb" ] ],
    [ "btn2:1.r", "bb2:11b.j", "", [ "$bb" ] ],
    [ "btn2:2.r", "bb2:9b.j", "", [ "$bb" ] ],
    [ "btn1:1.l", "bb2:5t.e", "", [ "$bb" ] ],
    [ "btn1:2.l", "bb2:3t.e", "", [ "$bb" ] ],
    [ "btn1:1.r", "bb2:5b.j", "", [ "$bb" ] ],
    [ "btn1:2.r", "bb2:3b.j", "", [ "$bb" ] ],
    [ "bb2:3t.a", "uno:A0", "red", [ "v-61.82", "h7.81" ] ],
    [ "bb2:9t.a", "uno:A1", "green", [ "v-70.18", "h5" ] ],
    [ "bb2:15t.a", "uno:A2", "blue", [ "v-79.46", "h6.83" ] ],
    [ "bb2:21t.a", "uno:A3", "yellow", [ "v-86.89", "h9.59" ] ],
    [ "btn4:1.l", "bb2:23t.e", "", [ "$bb" ] ],
    [ "btn4:2.l", "bb2:21t.e", "", [ "$bb" ] ],
    [ "btn4:1.r", "bb2:23b.j", "", [ "$bb" ] ],
    [ "btn4:2.r", "bb2:21b.j", "", [ "$bb" ] ],
    [ "uno:5V", "bb2:tp.14", "red", [ "v0" ] ],
    [ "bb2:28b.j", "bb2:tn.23", "green", [ "v0" ] ],
    [ "bb2:30b.j", "bb2:tp.25", "green", [ "v0" ] ],
    [ "uno:A4", "bb2:29b.j", "green", [ "v42.98", "h90.89", "v179.3", "h-49.44" ] ],
    [ "pot1:GND", "bb2:28b.h", "", [ "$bb" ] ],
    [ "pot1:SIG", "bb2:29b.h", "", [ "$bb" ] ],
    [ "pot1:VCC", "bb2:30b.h", "", [ "$bb" ] ]
  ],
  "dependencies": {}
}