{
  "version": 1,
  "author": "Anonymous maker",
  "editor": "wokwi",
  "parts": [
    { "type": "wokwi-breadboard-half", "id": "bb1", "top": 227.4, "left": -6.8, "attrs": {} },
    { "type": "wokwi-arduino-uno", "id": "uno", "top": 0, "left": 0, "attrs": {} },
    {
      "type": "wokwi-led",
      "id": "led1",
      "top": 255.12,
      "left": 120.11,
      "attrs": { "color": "red" }
    },
    {
      "type": "wokwi-resistor",
      "id": "r1",
      "top": 330.26,
      "left": 105.64,
      "rotate": 90,
      "attrs": { "value": "1000" }
    }
  ],
  "connections": [
    [ "bb1:tp.13", "uno:5V", "green", [ "v0" ] ],
    [ "bb1:tn.15", "uno:GND.3", "green", [ "v0" ] ],
    [ "bb1:bp.25", "bb1:tp.25", "green", [ "v0.34", "h39.73", "v-174.57" ] ],
    [ "bb1:bn.25", "bb1:tn.25", "green", [ "v0.07", "h50.17", "v-174.57" ] ],
    [ "led1:A", "bb1:14t.c", "", [ "$bb" ] ],
    [ "led1:C", "bb1:13t.c", "", [ "$bb" ] ],
    [ "r1:1", "bb1:13t.d", "", [ "$bb" ] ],
    [ "r1:2", "bb1:13b.h", "", [ "$bb" ] ],
    [
      "bb1:14t.e",
      "uno:3",
      "green",
      [ "v12.83", "h216.37", "v-193.89", "h-0.64", "v-152.58", "h-133.12" ]
    ],
    [ "bb1:13b.j", "bb1:bn.11", "green", [ "v0" ] ]
  ],
  "dependencies": {},
  "serialMonitor": 
  {
  "display": "terminal",
  "newline": "lf"
  }
}